# Synthetic QA fixture only; not flight measurements
time_s,acceleration
0.000000,0.000000000000
0.000200,0.087851196551
0.000400,0.175023058975
0.000600,0.260841506290
0.000800,0.344642923175
0.001000,0.425779291565
0.001200,0.503623201636
0.001400,0.577572703422
0.001600,0.647055961569
0.001800,0.711535677209
0.002000,0.770513242776
0.002200,0.823532597628
0.002400,0.870183754670
0.002600,0.910105970685
0.002800,0.942990535893
0.003000,0.968583161129
0.003200,0.986685944208
0.003400,0.997158900261
0.003600,0.999921044204
0.003800,0.994951016981
0.004000,0.982287250729
0.004200,0.962027671586
0.004400,0.934328942457
0.004600,0.899405251566
0.004800,0.857526656194
0.005000,0.809016994375
0.005200,0.754251380736
0.005400,0.693653305813
0.005600,0.627691361291
0.005800,0.556875616488
0.006000,0.481753674102
0.006200,0.402906435714
0.006400,0.320943609807
0.006600,0.236498997024
0.006800,0.150225589121
0.007000,0.062790519529
0.007200,-0.025130095443
0.007400,-0.112856384873
0.007600,-0.199709980514
0.007800,-0.285019262470
0.008000,-0.368124552685
0.008200,-0.448383216090
0.008400,-0.525174629961
0.008600,-0.597904983058
0.008800,-0.666011867434
0.009000,-0.728968627421
0.009200,-0.786288432137
0.009400,-0.837528040042
0.009600,-0.882291226435
0.009800,-0.920231847366
0.010000,-0.951056516295
0.010200,-0.974526872787
0.010400,-0.990461425697
0.010600,-0.998736956606
0.010800,-0.999289472641
0.011000,-0.992114701314
0.011200,-0.977268123568
0.011400,-0.954864544747
0.011600,-0.925077206834
0.011800,-0.888136448814
0.012000,-0.844327925502
0.012200,-0.793990398648
0.012400,-0.737513117358
0.012600,-0.675332808121
0.012800,-0.607930297695
0.013000,-0.535826794979
0.013200,-0.459579860621
0.013400,-0.379779095522
0.013600,-0.297041581577
0.013800,-0.212007109922
0.014000,-0.125333233564
0.014200,-0.037690182670
0.014400,0.050244318180
0.014600,0.137790290685
0.014800,0.224270760949
0.015000,0.309016994375
0.015200,0.391373666837
0.015400,0.470703932165
0.015600,0.546394346734
0.015800,0.617859613090
0.016000,0.684547105929
0.016200,0.745941145424
0.016400,0.801566984871
0.016600,0.850994481795
0.016800,0.893841424151
0.017000,0.929776485888
0.017200,0.958521789017
0.017400,0.979855052384
0.017600,0.993611310520
0.017800,0.999684189283
0.018000,0.998026728428
0.018200,0.988651744738
0.018400,0.971631732915
0.018600,0.947098304995
0.018800,0.915241172621
0.019000,0.876306680044
0.019200,0.830595899196
0.019400,0.778462301567
0.019600,0.720309024888
0.019800,0.656585755753
0.020000,0.587785252292
0.020200,0.514439533782
0.020400,0.437115766651
0.020600,0.356411878713
0.020800,0.272951935517
0.021000,0.187381314586
0.021200,0.100361714851
0.021400,0.012566039883
0.021600,-0.075326805528
0.021800,-0.162637165195
0.022000,-0.248689887165
0.022200,-0.332819544523
0.022400,-0.414375580993
0.022600,-0.492727341548
0.022800,-0.567268949127
0.023000,-0.637423989749
0.023200,-0.702649969799
0.023400,-0.762442511011
0.023600,-0.816339250717
0.023800,-0.863923417193
0.024000,-0.904827052466
0.024200,-0.938733857654
0.024400,-0.965381638833
0.024600,-0.984564334529
0.024800,-0.996133609143
0.025000,-1.000000000000
0.025200,-0.996133609143
0.025400,-0.984564334529
0.025600,-0.965381638833
0.025800,-0.938733857654
0.026000,-0.904827052466
0.026200,-0.863923417193
0.026400,-0.816339250717
0.026600,-0.762442511011
0.026800,-0.702649969799
0.027000,-0.637423989749
0.027200,-0.567268949127
0.027400,-0.492727341548
0.027600,-0.414375580993
0.027800,-0.332819544523
0.028000,-0.248689887165
0.028200,-0.162637165195
0.028400,-0.075326805528
0.028600,0.012566039883
0.028800,0.100361714851
0.029000,0.187381314586
0.029200,0.272951935517
0.029400,0.356411878713
0.029600,0.437115766651
0.029800,0.514439533782
0.030000,0.587785252292
0.030200,0.656585755753
0.030400,0.720309024888
0.030600,0.778462301567
0.030800,0.830595899196
0.031000,0.876306680044
0.031200,0.915241172621
0.031400,0.947098304995
0.031600,0.971631732915
0.031800,0.988651744738
0.032000,0.998026728428
0.032200,0.999684189283
0.032400,0.993611310520
0.032600,0.979855052384
0.032800,0.958521789017
0.033000,0.929776485888
0.033200,0.893841424151
0.033400,0.850994481795
0.033600,0.801566984871
0.033800,0.745941145424
0.034000,0.684547105929
0.034200,0.617859613090
0.034400,0.546394346734
0.034600,0.470703932165
0.034800,0.391373666837
0.035000,0.309016994375
0.035200,0.224270760949
0.035400,0.137790290685
0.035600,0.050244318180
0.035800,-0.037690182670
0.036000,-0.125333233564
0.036200,-0.212007109922
0.036400,-0.297041581577
0.036600,-0.379779095522
0.036800,-0.459579860621
0.037000,-0.535826794979
0.037200,-0.607930297695
0.037400,-0.675332808121
0.037600,-0.737513117358
0.037800,-0.793990398648
0.038000,-0.844327925502
0.038200,-0.888136448814
0.038400,-0.925077206834
0.038600,-0.954864544747
0.038800,-0.977268123568
0.039000,-0.992114701314
0.039200,-0.999289472641
0.039400,-0.998736956606
0.039600,-0.990461425697
0.039800,-0.974526872787
0.040000,-0.951056516295
0.040200,-0.920231847366
0.040400,-0.882291226435
0.040600,-0.837528040042
0.040800,-0.786288432137
0.041000,-0.728968627421
0.041200,-0.666011867434
0.041400,-0.597904983058
0.041600,-0.525174629961
0.041800,-0.448383216090
0.042000,-0.368124552685
0.042200,-0.285019262470
0.042400,-0.199709980514
0.042600,-0.112856384873
0.042800,-0.025130095443
0.043000,0.062790519529
0.043200,0.150225589121
0.043400,0.236498997024
0.043600,0.320943609807
0.043800,0.402906435714
0.044000,0.481753674102
0.044200,0.556875616488
0.044400,0.627691361291
0.044600,0.693653305813
0.044800,0.754251380736
0.045000,0.809016994375
0.045200,0.857526656194
0.045400,0.899405251566
0.045600,0.934328942457
0.045800,0.962027671586
0.046000,0.982287250729
0.046200,0.994951016981
0.046400,0.999921044204
0.046600,0.997158900261
0.046800,0.986685944208
0.047000,0.968583161129
0.047200,0.942990535893
0.047400,0.910105970685
0.047600,0.870183754670
0.047800,0.823532597628
0.048000,0.770513242776
0.048200,0.711535677209
0.048400,0.647055961569
0.048600,0.577572703422
0.048800,0.503623201636
0.049000,0.425779291565
0.049200,0.344642923175
0.049400,0.260841506290
0.049600,0.175023058975
0.049800,0.087851196551
0.050000,0.000000000000
0.050200,-0.087851196551
0.050400,-0.175023058975
0.050600,-0.260841506290
0.050800,-0.344642923175
0.051000,-0.425779291565
0.051200,-0.503623201636
0.051400,-0.577572703422
0.051600,-0.647055961569
0.051800,-0.711535677209
0.052000,-0.770513242776
0.052200,-0.823532597628
0.052400,-0.870183754670
0.052600,-0.910105970685
0.052800,-0.942990535893
0.053000,-0.968583161129
0.053200,-0.986685944208
0.053400,-0.997158900261
0.053600,-0.999921044204
0.053800,-0.994951016981
0.054000,-0.982287250729
0.054200,-0.962027671586
0.054400,-0.934328942457
0.054600,-0.899405251566
0.054800,-0.857526656194
0.055000,-0.809016994375
0.055200,-0.754251380736
0.055400,-0.693653305813
0.055600,-0.627691361291
0.055800,-0.556875616488
0.056000,-0.481753674102
0.056200,-0.402906435714
0.056400,-0.320943609807
0.056600,-0.236498997024
0.056800,-0.150225589121
0.057000,-0.062790519529
0.057200,0.025130095443
0.057400,0.112856384873
0.057600,0.199709980514
0.057800,0.285019262470
0.058000,0.368124552685
0.058200,0.448383216090
0.058400,0.525174629961
0.058600,0.597904983058
0.058800,0.666011867434
0.059000,0.728968627421
0.059200,0.786288432137
0.059400,0.837528040042
0.059600,0.882291226435
0.059800,0.920231847366
0.060000,0.951056516295
0.060200,0.974526872787
0.060400,0.990461425697
0.060600,0.998736956606
0.060800,0.999289472641
0.061000,0.992114701314
0.061200,0.977268123568
0.061400,0.954864544747
0.061600,0.925077206834
0.061800,0.888136448814
0.062000,0.844327925502
0.062200,0.793990398648
0.062400,0.737513117358
0.062600,0.675332808121
0.062800,0.607930297695
0.063000,0.535826794979
0.063200,0.459579860621
0.063400,0.379779095522
0.063600,0.297041581577
0.063800,0.212007109922
0.064000,0.125333233564
0.064200,0.037690182670
0.064400,-0.050244318180
0.064600,-0.137790290685
0.064800,-0.224270760949
0.065000,-0.309016994375
0.065200,-0.391373666837
0.065400,-0.470703932165
0.065600,-0.546394346734
0.065800,-0.617859613090
0.066000,-0.684547105929
0.066200,-0.745941145424
0.066400,-0.801566984871
0.066600,-0.850994481795
0.066800,-0.893841424151
0.067000,-0.929776485888
0.067200,-0.958521789017
0.067400,-0.979855052384
0.067600,-0.993611310520
0.067800,-0.999684189283
0.068000,-0.998026728428
0.068200,-0.988651744738
0.068400,-0.971631732915
0.068600,-0.947098304995
0.068800,-0.915241172621
0.069000,-0.876306680044
0.069200,-0.830595899196
0.069400,-0.778462301567
0.069600,-0.720309024888
0.069800,-0.656585755753
0.070000,-0.587785252292
0.070200,-0.514439533782
0.070400,-0.437115766651
0.070600,-0.356411878713
0.070800,-0.272951935517
0.071000,-0.187381314586
0.071200,-0.100361714851
0.071400,-0.012566039883
0.071600,0.075326805528
0.071800,0.162637165195
0.072000,0.248689887165
0.072200,0.332819544523
0.072400,0.414375580993
0.072600,0.492727341548
0.072800,0.567268949127
0.073000,0.637423989749
0.073200,0.702649969799
0.073400,0.762442511011
0.073600,0.816339250717
0.073800,0.863923417193
0.074000,0.904827052466
0.074200,0.938733857654
0.074400,0.965381638833
0.074600,0.984564334529
0.074800,0.996133609143
0.075000,1.000000000000
0.075200,0.996133609143
0.075400,0.984564334529
0.075600,0.965381638833
0.075800,0.938733857654
0.076000,0.904827052466
0.076200,0.863923417193
0.076400,0.816339250717
0.076600,0.762442511011
0.076800,0.702649969799
0.077000,0.637423989749
0.077200,0.567268949127
0.077400,0.492727341548
0.077600,0.414375580993
0.077800,0.332819544523
0.078000,0.248689887165
0.078200,0.162637165195
0.078400,0.075326805528
0.078600,-0.012566039883
0.078800,-0.100361714851
0.079000,-0.187381314586
0.079200,-0.272951935517
0.079400,-0.356411878713
0.079600,-0.437115766651
0.079800,-0.514439533782
0.080000,-0.587785252292
0.080200,-0.656585755753
0.080400,-0.720309024888
0.080600,-0.778462301567
0.080800,-0.830595899196
0.081000,-0.876306680044
0.081200,-0.915241172621
0.081400,-0.947098304995
0.081600,-0.971631732915
0.081800,-0.988651744738
0.082000,-0.998026728428
0.082200,-0.999684189283
0.082400,-0.993611310520
0.082600,-0.979855052384
0.082800,-0.958521789017
0.083000,-0.929776485888
0.083200,-0.893841424151
0.083400,-0.850994481795
0.083600,-0.801566984871
0.083800,-0.745941145424
0.084000,-0.684547105929
0.084200,-0.617859613090
0.084400,-0.546394346734
0.084600,-0.470703932165
0.084800,-0.391373666837
0.085000,-0.309016994375
0.085200,-0.224270760949
0.085400,-0.137790290685
0.085600,-0.050244318180
0.085800,0.037690182670
0.086000,0.125333233564
0.086200,0.212007109922
0.086400,0.297041581577
0.086600,0.379779095522
0.086800,0.459579860621
0.087000,0.535826794979
0.087200,0.607930297695
0.087400,0.675332808121
0.087600,0.737513117358
0.087800,0.793990398648
0.088000,0.844327925502
0.088200,0.888136448814
0.088400,0.925077206834
0.088600,0.954864544747
0.088800,0.977268123568
0.089000,0.992114701314
0.089200,0.999289472641
0.089400,0.998736956606
0.089600,0.990461425697
0.089800,0.974526872787
0.090000,0.951056516295
0.090200,0.920231847366
0.090400,0.882291226435
0.090600,0.837528040042
0.090800,0.786288432137
0.091000,0.728968627421
0.091200,0.666011867434
0.091400,0.597904983058
0.091600,0.525174629961
0.091800,0.448383216090
0.092000,0.368124552685
0.092200,0.285019262470
0.092400,0.199709980514
0.092600,0.112856384873
0.092800,0.025130095443
0.093000,-0.062790519529
0.093200,-0.150225589121
0.093400,-0.236498997024
0.093600,-0.320943609807
0.093800,-0.402906435714
0.094000,-0.481753674102
0.094200,-0.556875616488
0.094400,-0.627691361291
0.094600,-0.693653305813
0.094800,-0.754251380736
0.095000,-0.809016994375
0.095200,-0.857526656194
0.095400,-0.899405251566
0.095600,-0.934328942457
0.095800,-0.962027671586
0.096000,-0.982287250729
0.096200,-0.994951016981
0.096400,-0.999921044204
0.096600,-0.997158900261
0.096800,-0.986685944208
0.097000,-0.968583161129
0.097200,-0.942990535893
0.097400,-0.910105970685
0.097600,-0.870183754670
0.097800,-0.823532597628
0.098000,-0.770513242776
0.098200,-0.711535677209
0.098400,-0.647055961569
0.098600,-0.577572703422
0.098800,-0.503623201636
0.099000,-0.425779291565
0.099200,-0.344642923175
0.099400,-0.260841506290
0.099600,-0.175023058975
0.099800,-0.087851196551
0.100000,-0.000000000000
0.100200,0.087851196551
0.100400,0.175023058975
0.100600,0.260841506290
0.100800,0.344642923175
0.101000,0.425779291565
0.101200,0.503623201636
0.101400,0.577572703422
0.101600,0.647055961569
0.101800,0.711535677209
0.102000,0.770513242776
0.102200,0.823532597628
0.102400,0.870183754670
0.102600,0.910105970685
0.102800,0.942990535893
0.103000,0.968583161129
0.103200,0.986685944208
0.103400,0.997158900261
0.103600,0.999921044204
0.103800,0.994951016981
0.104000,0.982287250729
0.104200,0.962027671586
0.104400,0.934328942457
0.104600,0.899405251566
0.104800,0.857526656194
0.105000,0.809016994375
0.105200,0.754251380736
0.105400,0.693653305813
0.105600,0.627691361291
0.105800,0.556875616488
0.106000,0.481753674102
0.106200,0.402906435714
0.106400,0.320943609807
0.106600,0.236498997024
0.106800,0.150225589121
0.107000,0.062790519529
0.107200,-0.025130095443
0.107400,-0.112856384873
0.107600,-0.199709980514
0.107800,-0.285019262470
0.108000,-0.368124552685
0.108200,-0.448383216090
0.108400,-0.525174629961
0.108600,-0.597904983058
0.108800,-0.666011867434
0.109000,-0.728968627421
0.109200,-0.786288432137
0.109400,-0.837528040042
0.109600,-0.882291226435
0.109800,-0.920231847366
0.110000,-0.951056516295
0.110200,-0.974526872787
0.110400,-0.990461425697
0.110600,-0.998736956606
0.110800,-0.999289472641
0.111000,-0.992114701314
0.111200,-0.977268123568
0.111400,-0.954864544747
0.111600,-0.925077206834
0.111800,-0.888136448814
0.112000,-0.844327925502
0.112200,-0.793990398648
0.112400,-0.737513117358
0.112600,-0.675332808121
0.112800,-0.607930297695
0.113000,-0.535826794979
0.113200,-0.459579860621
0.113400,-0.379779095522
0.113600,-0.297041581577
0.113800,-0.212007109922
0.114000,-0.125333233564
0.114200,-0.037690182670
0.114400,0.050244318180
0.114600,0.137790290685
0.114800,0.224270760949
0.115000,0.309016994375
0.115200,0.391373666837
0.115400,0.470703932165
0.115600,0.546394346734
0.115800,0.617859613090
0.116000,0.684547105929
0.116200,0.745941145424
0.116400,0.801566984871
0.116600,0.850994481795
0.116800,0.893841424151
0.117000,0.929776485888
0.117200,0.958521789017
0.117400,0.979855052384
0.117600,0.993611310520
0.117800,0.999684189283
0.118000,0.998026728428
0.118200,0.988651744738
0.118400,0.971631732915
0.118600,0.947098304995
0.118800,0.915241172621
0.119000,0.876306680044
0.119200,0.830595899196
0.119400,0.778462301567
0.119600,0.720309024888
0.119800,0.656585755753
0.120000,0.587785252292
0.120200,0.514439533782
0.120400,0.437115766651
0.120600,0.356411878713
0.120800,0.272951935517
0.121000,0.187381314586
0.121200,0.100361714851
0.121400,0.012566039883
0.121600,-0.075326805528
0.121800,-0.162637165195
0.122000,-0.248689887165
0.122200,-0.332819544523
0.122400,-0.414375580993
0.122600,-0.492727341548
0.122800,-0.567268949127
0.123000,-0.637423989749
0.123200,-0.702649969799
0.123400,-0.762442511011
0.123600,-0.816339250717
0.123800,-0.863923417193
0.124000,-0.904827052466
0.124200,-0.938733857654
0.124400,-0.965381638833
0.124600,-0.984564334529
0.124800,-0.996133609143
0.125000,-1.000000000000
0.125200,-0.996133609143
0.125400,-0.984564334529
0.125600,-0.965381638833
0.125800,-0.938733857654
0.126000,-0.904827052466
0.126200,-0.863923417193
0.126400,-0.816339250717
0.126600,-0.762442511011
0.126800,-0.702649969799
0.127000,-0.637423989749
0.127200,-0.567268949127
0.127400,-0.492727341548
0.127600,-0.414375580993
0.127800,-0.332819544523
0.128000,-0.248689887165
0.128200,-0.162637165195
0.128400,-0.075326805528
0.128600,0.012566039883
0.128800,0.100361714851
0.129000,0.187381314586
0.129200,0.272951935517
0.129400,0.356411878713
0.129600,0.437115766651
0.129800,0.514439533782
0.130000,0.587785252292
0.130200,0.656585755753
0.130400,0.720309024888
0.130600,0.778462301567
0.130800,0.830595899196
0.131000,0.876306680044
0.131200,0.915241172621
0.131400,0.947098304995
0.131600,0.971631732915
0.131800,0.988651744738
0.132000,0.998026728428
0.132200,0.999684189283
0.132400,0.993611310520
0.132600,0.979855052384
0.132800,0.958521789017
0.133000,0.929776485888
0.133200,0.893841424151
0.133400,0.850994481795
0.133600,0.801566984871
0.133800,0.745941145424
0.134000,0.684547105929
0.134200,0.617859613090
0.134400,0.546394346734
0.134600,0.470703932165
0.134800,0.391373666837
0.135000,0.309016994375
0.135200,0.224270760949
0.135400,0.137790290685
0.135600,0.050244318180
0.135800,-0.037690182670
0.136000,-0.125333233564
0.136200,-0.212007109922
0.136400,-0.297041581577
0.136600,-0.379779095522
0.136800,-0.459579860621
0.137000,-0.535826794979
0.137200,-0.607930297695
0.137400,-0.675332808121
0.137600,-0.737513117358
0.137800,-0.793990398648
0.138000,-0.844327925502
0.138200,-0.888136448814
0.138400,-0.925077206834
0.138600,-0.954864544747
0.138800,-0.977268123568
0.139000,-0.992114701314
0.139200,-0.999289472641
0.139400,-0.998736956606
0.139600,-0.990461425697
0.139800,-0.974526872787
0.140000,-0.951056516295
0.140200,-0.920231847366
0.140400,-0.882291226435
0.140600,-0.837528040042
0.140800,-0.786288432137
0.141000,-0.728968627421
0.141200,-0.666011867434
0.141400,-0.597904983058
0.141600,-0.525174629961
0.141800,-0.448383216090
0.142000,-0.368124552685
0.142200,-0.285019262470
0.142400,-0.199709980514
0.142600,-0.112856384873
0.142800,-0.025130095443
0.143000,0.062790519529
0.143200,0.150225589121
0.143400,0.236498997024
0.143600,0.320943609807
0.143800,0.402906435714
0.144000,0.481753674102
0.144200,0.556875616488
0.144400,0.627691361291
0.144600,0.693653305813
0.144800,0.754251380736
0.145000,0.809016994375
0.145200,0.857526656194
0.145400,0.899405251566
0.145600,0.934328942457
0.145800,0.962027671586
0.146000,0.982287250729
0.146200,0.994951016981
0.146400,0.999921044204
0.146600,0.997158900261
0.146800,0.986685944208
0.147000,0.968583161129
0.147200,0.942990535893
0.147400,0.910105970685
0.147600,0.870183754670
0.147800,0.823532597628
0.148000,0.770513242776
0.148200,0.711535677209
0.148400,0.647055961569
0.148600,0.577572703422
0.148800,0.503623201636
0.149000,0.425779291565
0.149200,0.344642923175
0.149400,0.260841506290
0.149600,0.175023058975
0.149800,0.087851196551
0.150000,-0.000000000000
0.150200,-0.087851196551
0.150400,-0.175023058975
0.150600,-0.260841506290
0.150800,-0.344642923175
0.151000,-0.425779291565
0.151200,-0.503623201636
0.151400,-0.577572703422
0.151600,-0.647055961569
0.151800,-0.711535677209
0.152000,-0.770513242776
0.152200,-0.823532597628
0.152400,-0.870183754670
0.152600,-0.910105970685
0.152800,-0.942990535893
0.153000,-0.968583161129
0.153200,-0.986685944208
0.153400,-0.997158900261
0.153600,-0.999921044204
0.153800,-0.994951016981
0.154000,-0.982287250729
0.154200,-0.962027671586
0.154400,-0.934328942457
0.154600,-0.899405251566
0.154800,-0.857526656194
0.155000,-0.809016994375
0.155200,-0.754251380736
0.155400,-0.693653305813
0.155600,-0.627691361291
0.155800,-0.556875616488
0.156000,-0.481753674102
0.156200,-0.402906435714
0.156400,-0.320943609807
0.156600,-0.236498997024
0.156800,-0.150225589121
0.157000,-0.062790519529
0.157200,0.025130095443
0.157400,0.112856384873
0.157600,0.199709980514
0.157800,0.285019262470
0.158000,0.368124552685
0.158200,0.448383216090
0.158400,0.525174629961
0.158600,0.597904983058
0.158800,0.666011867434
0.159000,0.728968627421
0.159200,0.786288432137
0.159400,0.837528040042
0.159600,0.882291226435
0.159800,0.920231847366
0.160000,0.951056516295
0.160200,0.974526872787
0.160400,0.990461425697
0.160600,0.998736956606
0.160800,0.999289472641
0.161000,0.992114701314
0.161200,0.977268123568
0.161400,0.954864544747
0.161600,0.925077206834
0.161800,0.888136448814
0.162000,0.844327925502
0.162200,0.793990398648
0.162400,0.737513117358
0.162600,0.675332808121
0.162800,0.607930297695
0.163000,0.535826794979
0.163200,0.459579860621
0.163400,0.379779095522
0.163600,0.297041581577
0.163800,0.212007109922
0.164000,0.125333233564
0.164200,0.037690182670
0.164400,-0.050244318180
0.164600,-0.137790290685
0.164800,-0.224270760949
0.165000,-0.309016994375
0.165200,-0.391373666837
0.165400,-0.470703932165
0.165600,-0.546394346734
0.165800,-0.617859613090
0.166000,-0.684547105929
0.166200,-0.745941145424
0.166400,-0.801566984871
0.166600,-0.850994481795
0.166800,-0.893841424151
0.167000,-0.929776485888
0.167200,-0.958521789017
0.167400,-0.979855052384
0.167600,-0.993611310520
0.167800,-0.999684189283
0.168000,-0.998026728428
0.168200,-0.988651744738
0.168400,-0.971631732915
0.168600,-0.947098304995
0.168800,-0.915241172621
0.169000,-0.876306680044
0.169200,-0.830595899196
0.169400,-0.778462301567
0.169600,-0.720309024888
0.169800,-0.656585755753
0.170000,-0.587785252292
0.170200,-0.514439533782
0.170400,-0.437115766651
0.170600,-0.356411878713
0.170800,-0.272951935517
0.171000,-0.187381314586
0.171200,-0.100361714851
0.171400,-0.012566039883
0.171600,0.075326805528
0.171800,0.162637165195
0.172000,0.248689887165
0.172200,0.332819544523
0.172400,0.414375580993
0.172600,0.492727341548
0.172800,0.567268949127
0.173000,0.637423989749
0.173200,0.702649969799
0.173400,0.762442511011
0.173600,0.816339250717
0.173800,0.863923417193
0.174000,0.904827052466
0.174200,0.938733857654
0.174400,0.965381638833
0.174600,0.984564334529
0.174800,0.996133609143
0.175000,1.000000000000
0.175200,0.996133609143
0.175400,0.984564334529
0.175600,0.965381638833
0.175800,0.938733857654
0.176000,0.904827052466
0.176200,0.863923417193
0.176400,0.816339250717
0.176600,0.762442511011
0.176800,0.702649969799
0.177000,0.637423989749
0.177200,0.567268949127
0.177400,0.492727341548
0.177600,0.414375580993
0.177800,0.332819544523
0.178000,0.248689887165
0.178200,0.162637165195
0.178400,0.075326805528
0.178600,-0.012566039883
0.178800,-0.100361714851
0.179000,-0.187381314586
0.179200,-0.272951935517
0.179400,-0.356411878713
0.179600,-0.437115766651
0.179800,-0.514439533782
0.180000,-0.587785252292
0.180200,-0.656585755753
0.180400,-0.720309024888
0.180600,-0.778462301567
0.180800,-0.830595899196
0.181000,-0.876306680044
0.181200,-0.915241172621
0.181400,-0.947098304995
0.181600,-0.971631732915
0.181800,-0.988651744738
0.182000,-0.998026728428
0.182200,-0.999684189283
0.182400,-0.993611310520
0.182600,-0.979855052384
0.182800,-0.958521789017
0.183000,-0.929776485888
0.183200,-0.893841424151
0.183400,-0.850994481795
0.183600,-0.801566984871
0.183800,-0.745941145424
0.184000,-0.684547105929
0.184200,-0.617859613090
0.184400,-0.546394346734
0.184600,-0.470703932165
0.184800,-0.391373666837
0.185000,-0.309016994375
0.185200,-0.224270760949
0.185400,-0.137790290685
0.185600,-0.050244318180
0.185800,0.037690182670
0.186000,0.125333233564
0.186200,0.212007109922
0.186400,0.297041581577
0.186600,0.379779095522
0.186800,0.459579860621
0.187000,0.535826794979
0.187200,0.607930297695
0.187400,0.675332808121
0.187600,0.737513117358
0.187800,0.793990398648
0.188000,0.844327925502
0.188200,0.888136448814
0.188400,0.925077206834
0.188600,0.954864544747
0.188800,0.977268123568
0.189000,0.992114701314
0.189200,0.999289472641
0.189400,0.998736956606
0.189600,0.990461425697
0.189800,0.974526872787
0.190000,0.951056516295
0.190200,0.920231847366
0.190400,0.882291226435
0.190600,0.837528040042
0.190800,0.786288432137
0.191000,0.728968627421
0.191200,0.666011867434
0.191400,0.597904983058
0.191600,0.525174629961
0.191800,0.448383216090
0.192000,0.368124552685
0.192200,0.285019262470
0.192400,0.199709980514
0.192600,0.112856384873
0.192800,0.025130095443
0.193000,-0.062790519529
0.193200,-0.150225589121
0.193400,-0.236498997024
0.193600,-0.320943609807
0.193800,-0.402906435714
0.194000,-0.481753674102
0.194200,-0.556875616488
0.194400,-0.627691361291
0.194600,-0.693653305813
0.194800,-0.754251380736
0.195000,-0.809016994375
0.195200,-0.857526656194
0.195400,-0.899405251566
0.195600,-0.934328942457
0.195800,-0.962027671586
0.196000,-0.982287250729
0.196200,-0.994951016981
0.196400,-0.999921044204
0.196600,-0.997158900261
0.196800,-0.986685944208
0.197000,-0.968583161129
0.197200,-0.942990535893
0.197400,-0.910105970685
0.197600,-0.870183754670
0.197800,-0.823532597628
0.198000,-0.770513242776
0.198200,-0.711535677209
0.198400,-0.647055961569
0.198600,-0.577572703422
0.198800,-0.503623201636
0.199000,-0.425779291565
0.199200,-0.344642923175
0.199400,-0.260841506290
0.199600,-0.175023058975
0.199800,-0.087851196551
0.200000,-0.000000000000
0.200200,0.087851196551
0.200400,0.175023058975
0.200600,0.260841506290
0.200800,0.344642923175
0.201000,0.425779291565
0.201200,0.503623201636
0.201400,0.577572703422
0.201600,0.647055961569
0.201800,0.711535677209
0.202000,0.770513242776
0.202200,0.823532597628
0.202400,0.870183754670
0.202600,0.910105970685
0.202800,0.942990535893
0.203000,0.968583161129
0.203200,0.986685944208
0.203400,0.997158900261
0.203600,0.999921044204
0.203800,0.994951016981
0.204000,0.982287250729
0.204200,0.962027671586
0.204400,0.934328942457
0.204600,0.899405251566
0.204800,0.857526656194
0.205000,0.809016994375
0.205200,0.754251380736
0.205400,0.693653305813
0.205600,0.627691361291
0.205800,0.556875616488
0.206000,0.481753674102
0.206200,0.402906435714
0.206400,0.320943609807
0.206600,0.236498997024
0.206800,0.150225589121
0.207000,0.062790519529
0.207200,-0.025130095443
0.207400,-0.112856384873
0.207600,-0.199709980514
0.207800,-0.285019262470
0.208000,-0.368124552685
0.208200,-0.448383216090
0.208400,-0.525174629961
0.208600,-0.597904983058
0.208800,-0.666011867434
0.209000,-0.728968627421
0.209200,-0.786288432137
0.209400,-0.837528040042
0.209600,-0.882291226435
0.209800,-0.920231847366
0.210000,-0.951056516295
0.210200,-0.974526872787
0.210400,-0.990461425697
0.210600,-0.998736956606
0.210800,-0.999289472641
0.211000,-0.992114701314
0.211200,-0.977268123568
0.211400,-0.954864544747
0.211600,-0.925077206834
0.211800,-0.888136448814
0.212000,-0.844327925502
0.212200,-0.793990398648
0.212400,-0.737513117358
0.212600,-0.675332808121
0.212800,-0.607930297695
0.213000,-0.535826794979
0.213200,-0.459579860621
0.213400,-0.379779095522
0.213600,-0.297041581577
0.213800,-0.212007109922
0.214000,-0.125333233564
0.214200,-0.037690182670
0.214400,0.050244318180
0.214600,0.137790290685
0.214800,0.224270760949
0.215000,0.309016994375
0.215200,0.391373666837
0.215400,0.470703932165
0.215600,0.546394346734
0.215800,0.617859613090
0.216000,0.684547105929
0.216200,0.745941145424
0.216400,0.801566984871
0.216600,0.850994481795
0.216800,0.893841424151
0.217000,0.929776485888
0.217200,0.958521789017
0.217400,0.979855052384
0.217600,0.993611310520
0.217800,0.999684189283
0.218000,0.998026728428
0.218200,0.988651744738
0.218400,0.971631732915
0.218600,0.947098304995
0.218800,0.915241172621
0.219000,0.876306680044
0.219200,0.830595899196
0.219400,0.778462301567
0.219600,0.720309024888
0.219800,0.656585755753
0.220000,0.587785252292
0.220200,0.514439533782
0.220400,0.437115766651
0.220600,0.356411878713
0.220800,0.272951935517
0.221000,0.187381314586
0.221200,0.100361714851
0.221400,0.012566039883
0.221600,-0.075326805528
0.221800,-0.162637165195
0.222000,-0.248689887165
0.222200,-0.332819544523
0.222400,-0.414375580993
0.222600,-0.492727341548
0.222800,-0.567268949127
0.223000,-0.637423989749
0.223200,-0.702649969799
0.223400,-0.762442511011
0.223600,-0.816339250717
0.223800,-0.863923417193
0.224000,-0.904827052466
0.224200,-0.938733857654
0.224400,-0.965381638833
0.224600,-0.984564334529
0.224800,-0.996133609143
0.225000,-1.000000000000
0.225200,-0.996133609143
0.225400,-0.984564334529
0.225600,-0.965381638833
0.225800,-0.938733857654
0.226000,-0.904827052466
0.226200,-0.863923417193
0.226400,-0.816339250717
0.226600,-0.762442511011
0.226800,-0.702649969799
0.227000,-0.637423989749
0.227200,-0.567268949127
0.227400,-0.492727341548
0.227600,-0.414375580993
0.227800,-0.332819544523
0.228000,-0.248689887165
0.228200,-0.162637165195
0.228400,-0.075326805528
0.228600,0.012566039883
0.228800,0.100361714851
0.229000,0.187381314586
0.229200,0.272951935517
0.229400,0.356411878713
0.229600,0.437115766651
0.229800,0.514439533781
0.230000,0.587785252292
0.230200,0.656585755753
0.230400,0.720309024888
0.230600,0.778462301567
0.230800,0.830595899196
0.231000,0.876306680044
0.231200,0.915241172621
0.231400,0.947098304995
0.231600,0.971631732915
0.231800,0.988651744738
0.232000,0.998026728428
0.232200,0.999684189283
0.232400,0.993611310520
0.232600,0.979855052384
0.232800,0.958521789017
0.233000,0.929776485888
0.233200,0.893841424151
0.233400,0.850994481795
0.233600,0.801566984871
0.233800,0.745941145424
0.234000,0.684547105929
0.234200,0.617859613090
0.234400,0.546394346734
0.234600,0.470703932165
0.234800,0.391373666837
0.235000,0.309016994375
0.235200,0.224270760949
0.235400,0.137790290685
0.235600,0.050244318180
0.235800,-0.037690182670
0.236000,-0.125333233564
0.236200,-0.212007109922
0.236400,-0.297041581577
0.236600,-0.379779095522
0.236800,-0.459579860621
0.237000,-0.535826794979
0.237200,-0.607930297695
0.237400,-0.675332808121
0.237600,-0.737513117358
0.237800,-0.793990398648
0.238000,-0.844327925502
0.238200,-0.888136448814
0.238400,-0.925077206834
0.238600,-0.954864544747
0.238800,-0.977268123568
0.239000,-0.992114701314
0.239200,-0.999289472641
0.239400,-0.998736956606
0.239600,-0.990461425697
0.239800,-0.974526872787
0.240000,-0.951056516295
0.240200,-0.920231847366
0.240400,-0.882291226435
0.240600,-0.837528040042
0.240800,-0.786288432137
0.241000,-0.728968627421
0.241200,-0.666011867434
0.241400,-0.597904983058
0.241600,-0.525174629961
0.241800,-0.448383216090
0.242000,-0.368124552685
0.242200,-0.285019262470
0.242400,-0.199709980514
0.242600,-0.112856384873
0.242800,-0.025130095443
0.243000,0.062790519529
0.243200,0.150225589121
0.243400,0.236498997024
0.243600,0.320943609807
0.243800,0.402906435714
0.244000,0.481753674102
0.244200,0.556875616488
0.244400,0.627691361291
0.244600,0.693653305813
0.244800,0.754251380736
0.245000,0.809016994375
0.245200,0.857526656194
0.245400,0.899405251566
0.245600,0.934328942457
0.245800,0.962027671586
0.246000,0.982287250729
0.246200,0.994951016981
0.246400,0.999921044204
0.246600,0.997158900261
0.246800,0.986685944208
0.247000,0.968583161129
0.247200,0.942990535893
0.247400,0.910105970685
0.247600,0.870183754670
0.247800,0.823532597628
0.248000,0.770513242776
0.248200,0.711535677209
0.248400,0.647055961569
0.248600,0.577572703422
0.248800,0.503623201636
0.249000,0.425779291565
0.249200,0.344642923175
0.249400,0.260841506290
0.249600,0.175023058975
0.249800,0.087851196551
0.250000,0.000000000000
0.250200,-0.087851196551
0.250400,-0.175023058975
0.250600,-0.260841506290
0.250800,-0.344642923175
0.251000,-0.425779291565
0.251200,-0.503623201636
0.251400,-0.577572703422
0.251600,-0.647055961569
0.251800,-0.711535677209
0.252000,-0.770513242776
0.252200,-0.823532597628
0.252400,-0.870183754670
0.252600,-0.910105970685
0.252800,-0.942990535893
0.253000,-0.968583161129
0.253200,-0.986685944208
0.253400,-0.997158900261
0.253600,-0.999921044204
0.253800,-0.994951016981
0.254000,-0.982287250729
0.254200,-0.962027671586
0.254400,-0.934328942457
0.254600,-0.899405251566
0.254800,-0.857526656194
0.255000,-0.809016994375
0.255200,-0.754251380736
0.255400,-0.693653305813
0.255600,-0.627691361291
0.255800,-0.556875616488
0.256000,-0.481753674102
0.256200,-0.402906435714
0.256400,-0.320943609807
0.256600,-0.236498997024
0.256800,-0.150225589121
0.257000,-0.062790519529
0.257200,0.025130095443
0.257400,0.112856384873
0.257600,0.199709980514
0.257800,0.285019262470
0.258000,0.368124552685
0.258200,0.448383216090
0.258400,0.525174629961
0.258600,0.597904983058
0.258800,0.666011867434
0.259000,0.728968627421
0.259200,0.786288432137
0.259400,0.837528040042
0.259600,0.882291226435
0.259800,0.920231847366
0.260000,0.951056516295
0.260200,0.974526872787
0.260400,0.990461425697
0.260600,0.998736956606
0.260800,0.999289472641
0.261000,0.992114701314
0.261200,0.977268123568
0.261400,0.954864544747
0.261600,0.925077206834
0.261800,0.888136448814
0.262000,0.844327925502
0.262200,0.793990398648
0.262400,0.737513117358
0.262600,0.675332808121
0.262800,0.607930297695
0.263000,0.535826794979
0.263200,0.459579860622
0.263400,0.379779095522
0.263600,0.297041581577
0.263800,0.212007109922
0.264000,0.125333233564
0.264200,0.037690182670
0.264400,-0.050244318180
0.264600,-0.137790290685
0.264800,-0.224270760949
0.265000,-0.309016994375
0.265200,-0.391373666837
0.265400,-0.470703932165
0.265600,-0.546394346734
0.265800,-0.617859613090
0.266000,-0.684547105929
0.266200,-0.745941145424
0.266400,-0.801566984871
0.266600,-0.850994481795
0.266800,-0.893841424151
0.267000,-0.929776485888
0.267200,-0.958521789017
0.267400,-0.979855052384
0.267600,-0.993611310520
0.267800,-0.999684189283
0.268000,-0.998026728428
0.268200,-0.988651744738
0.268400,-0.971631732915
0.268600,-0.947098304995
0.268800,-0.915241172621
0.269000,-0.876306680044
0.269200,-0.830595899196
0.269400,-0.778462301567
0.269600,-0.720309024888
0.269800,-0.656585755753
0.270000,-0.587785252292
0.270200,-0.514439533782
0.270400,-0.437115766651
0.270600,-0.356411878713
0.270800,-0.272951935517
0.271000,-0.187381314586
0.271200,-0.100361714851
0.271400,-0.012566039883
0.271600,0.075326805528
0.271800,0.162637165195
0.272000,0.248689887165
0.272200,0.332819544523
0.272400,0.414375580993
0.272600,0.492727341548
0.272800,0.567268949127
0.273000,0.637423989749
0.273200,0.702649969799
0.273400,0.762442511011
0.273600,0.816339250717
0.273800,0.863923417193
0.274000,0.904827052466
0.274200,0.938733857654
0.274400,0.965381638833
0.274600,0.984564334529
0.274800,0.996133609143
0.275000,1.000000000000
0.275200,0.996133609143
0.275400,0.984564334529
0.275600,0.965381638833
0.275800,0.938733857654
0.276000,0.904827052466
0.276200,0.863923417193
0.276400,0.816339250717
0.276600,0.762442511011
0.276800,0.702649969799
0.277000,0.637423989749
0.277200,0.567268949127
0.277400,0.492727341548
0.277600,0.414375580993
0.277800,0.332819544523
0.278000,0.248689887165
0.278200,0.162637165195
0.278400,0.075326805528
0.278600,-0.012566039883
0.278800,-0.100361714851
0.279000,-0.187381314586
0.279200,-0.272951935517
0.279400,-0.356411878713
0.279600,-0.437115766651
0.279800,-0.514439533782
0.280000,-0.587785252292
0.280200,-0.656585755753
0.280400,-0.720309024888
0.280600,-0.778462301567
0.280800,-0.830595899196
0.281000,-0.876306680044
0.281200,-0.915241172621
0.281400,-0.947098304995
0.281600,-0.971631732915
0.281800,-0.988651744738
0.282000,-0.998026728428
0.282200,-0.999684189283
0.282400,-0.993611310520
0.282600,-0.979855052384
0.282800,-0.958521789017
0.283000,-0.929776485888
0.283200,-0.893841424151
0.283400,-0.850994481795
0.283600,-0.801566984871
0.283800,-0.745941145424
0.284000,-0.684547105929
0.284200,-0.617859613090
0.284400,-0.546394346734
0.284600,-0.470703932165
0.284800,-0.391373666837
0.285000,-0.309016994375
0.285200,-0.224270760949
0.285400,-0.137790290685
0.285600,-0.050244318180
0.285800,0.037690182670
0.286000,0.125333233564
0.286200,0.212007109922
0.286400,0.297041581577
0.286600,0.379779095522
0.286800,0.459579860621
0.287000,0.535826794979
0.287200,0.607930297695
0.287400,0.675332808121
0.287600,0.737513117358
0.287800,0.793990398648
0.288000,0.844327925502
0.288200,0.888136448814
0.288400,0.925077206834
0.288600,0.954864544747
0.288800,0.977268123568
0.289000,0.992114701314
0.289200,0.999289472641
0.289400,0.998736956606
0.289600,0.990461425697
0.289800,0.974526872787
0.290000,0.951056516295
0.290200,0.920231847366
0.290400,0.882291226435
0.290600,0.837528040042
0.290800,0.786288432137
0.291000,0.728968627421
0.291200,0.666011867434
0.291400,0.597904983058
0.291600,0.525174629961
0.291800,0.448383216090
0.292000,0.368124552685
0.292200,0.285019262470
0.292400,0.199709980514
0.292600,0.112856384873
0.292800,0.025130095443
0.293000,-0.062790519529
0.293200,-0.150225589121
0.293400,-0.236498997024
0.293600,-0.320943609807
0.293800,-0.402906435714
0.294000,-0.481753674102
0.294200,-0.556875616488
0.294400,-0.627691361291
0.294600,-0.693653305813
0.294800,-0.754251380736
0.295000,-0.809016994375
0.295200,-0.857526656194
0.295400,-0.899405251566
0.295600,-0.934328942457
0.295800,-0.962027671586
0.296000,-0.982287250729
0.296200,-0.994951016981
0.296400,-0.999921044204
0.296600,-0.997158900261
0.296800,-0.986685944208
0.297000,-0.968583161129
0.297200,-0.942990535893
0.297400,-0.910105970685
0.297600,-0.870183754670
0.297800,-0.823532597628
0.298000,-0.770513242776
0.298200,-0.711535677209
0.298400,-0.647055961569
0.298600,-0.577572703422
0.298800,-0.503623201636
0.299000,-0.425779291565
0.299200,-0.344642923175
0.299400,-0.260841506290
0.299600,-0.175023058975
0.299800,-0.087851196551
0.300000,0.000000000000
0.300200,0.087851196551
0.300400,0.175023058975
0.300600,0.260841506290
0.300800,0.344642923174
0.301000,0.425779291565
0.301200,0.503623201636
0.301400,0.577572703422
0.301600,0.647055961569
0.301800,0.711535677209
0.302000,0.770513242776
0.302200,0.823532597628
0.302400,0.870183754670
0.302600,0.910105970685
0.302800,0.942990535893
0.303000,0.968583161129
0.303200,0.986685944208
0.303400,0.997158900261
0.303600,0.999921044204
0.303800,0.994951016981
0.304000,0.982287250729
0.304200,0.962027671586
0.304400,0.934328942457
0.304600,0.899405251566
0.304800,0.857526656194
0.305000,0.809016994375
0.305200,0.754251380736
0.305400,0.693653305813
0.305600,0.627691361291
0.305800,0.556875616488
0.306000,0.481753674102
0.306200,0.402906435714
0.306400,0.320943609807
0.306600,0.236498997024
0.306800,0.150225589121
0.307000,0.062790519529
0.307200,-0.025130095443
0.307400,-0.112856384873
0.307600,-0.199709980514
0.307800,-0.285019262470
0.308000,-0.368124552685
0.308200,-0.448383216090
0.308400,-0.525174629961
0.308600,-0.597904983058
0.308800,-0.666011867434
0.309000,-0.728968627421
0.309200,-0.786288432137
0.309400,-0.837528040042
0.309600,-0.882291226435
0.309800,-0.920231847366
0.310000,-0.951056516295
0.310200,-0.974526872787
0.310400,-0.990461425697
0.310600,-0.998736956606
0.310800,-0.999289472641
0.311000,-0.992114701314
0.311200,-0.977268123568
0.311400,-0.954864544747
0.311600,-0.925077206834
0.311800,-0.888136448814
0.312000,-0.844327925502
0.312200,-0.793990398648
0.312400,-0.737513117358
0.312600,-0.675332808121
0.312800,-0.607930297695
0.313000,-0.535826794979
0.313200,-0.459579860622
0.313400,-0.379779095522
0.313600,-0.297041581577
0.313800,-0.212007109922
0.314000,-0.125333233564
0.314200,-0.037690182670
0.314400,0.050244318180
0.314600,0.137790290685
0.314800,0.224270760949
0.315000,0.309016994375
0.315200,0.391373666837
0.315400,0.470703932165
0.315600,0.546394346734
0.315800,0.617859613090
0.316000,0.684547105929
0.316200,0.745941145424
0.316400,0.801566984871
0.316600,0.850994481795
0.316800,0.893841424151
0.317000,0.929776485888
0.317200,0.958521789017
0.317400,0.979855052384
0.317600,0.993611310520
0.317800,0.999684189283
0.318000,0.998026728428
0.318200,0.988651744738
0.318400,0.971631732915
0.318600,0.947098304995
0.318800,0.915241172621
0.319000,0.876306680044
0.319200,0.830595899196
0.319400,0.778462301567
0.319600,0.720309024888
0.319800,0.656585755753
0.320000,0.587785252292
0.320200,0.514439533782
0.320400,0.437115766651
0.320600,0.356411878713
0.320800,0.272951935517
0.321000,0.187381314586
0.321200,0.100361714851
0.321400,0.012566039883
0.321600,-0.075326805528
0.321800,-0.162637165195
0.322000,-0.248689887165
0.322200,-0.332819544523
0.322400,-0.414375580993
0.322600,-0.492727341548
0.322800,-0.567268949127
0.323000,-0.637423989749
0.323200,-0.702649969799
0.323400,-0.762442511011
0.323600,-0.816339250717
0.323800,-0.863923417193
0.324000,-0.904827052466
0.324200,-0.938733857654
0.324400,-0.965381638833
0.324600,-0.984564334529
0.324800,-0.996133609143
0.325000,-1.000000000000
0.325200,-0.996133609143
0.325400,-0.984564334529
0.325600,-0.965381638833
0.325800,-0.938733857654
0.326000,-0.904827052466
0.326200,-0.863923417193
0.326400,-0.816339250717
0.326600,-0.762442511011
0.326800,-0.702649969799
0.327000,-0.637423989749
0.327200,-0.567268949127
0.327400,-0.492727341548
0.327600,-0.414375580993
0.327800,-0.332819544523
0.328000,-0.248689887165
0.328200,-0.162637165195
0.328400,-0.075326805528
0.328600,0.012566039883
0.328800,0.100361714851
0.329000,0.187381314586
0.329200,0.272951935517
0.329400,0.356411878713
0.329600,0.437115766651
0.329800,0.514439533781
0.330000,0.587785252292
0.330200,0.656585755753
0.330400,0.720309024888
0.330600,0.778462301567
0.330800,0.830595899196
0.331000,0.876306680044
0.331200,0.915241172621
0.331400,0.947098304995
0.331600,0.971631732915
0.331800,0.988651744738
0.332000,0.998026728428
0.332200,0.999684189283
0.332400,0.993611310520
0.332600,0.979855052384
0.332800,0.958521789017
0.333000,0.929776485888
0.333200,0.893841424151
0.333400,0.850994481795
0.333600,0.801566984871
0.333800,0.745941145424
0.334000,0.684547105929
0.334200,0.617859613090
0.334400,0.546394346734
0.334600,0.470703932165
0.334800,0.391373666837
0.335000,0.309016994375
0.335200,0.224270760949
0.335400,0.137790290685
0.335600,0.050244318180
0.335800,-0.037690182670
0.336000,-0.125333233564
0.336200,-0.212007109922
0.336400,-0.297041581577
0.336600,-0.379779095522
0.336800,-0.459579860621
0.337000,-0.535826794979
0.337200,-0.607930297695
0.337400,-0.675332808121
0.337600,-0.737513117358
0.337800,-0.793990398648
0.338000,-0.844327925502
0.338200,-0.888136448814
0.338400,-0.925077206834
0.338600,-0.954864544747
0.338800,-0.977268123568
0.339000,-0.992114701314
0.339200,-0.999289472641
0.339400,-0.998736956606
0.339600,-0.990461425697
0.339800,-0.974526872787
0.340000,-0.951056516295
0.340200,-0.920231847366
0.340400,-0.882291226435
0.340600,-0.837528040042
0.340800,-0.786288432137
0.341000,-0.728968627421
0.341200,-0.666011867434
0.341400,-0.597904983058
0.341600,-0.525174629961
0.341800,-0.448383216090
0.342000,-0.368124552685
0.342200,-0.285019262470
0.342400,-0.199709980514
0.342600,-0.112856384873
0.342800,-0.025130095443
0.343000,0.062790519529
0.343200,0.150225589121
0.343400,0.236498997024
0.343600,0.320943609807
0.343800,0.402906435714
0.344000,0.481753674102
0.344200,0.556875616488
0.344400,0.627691361291
0.344600,0.693653305813
0.344800,0.754251380736
0.345000,0.809016994375
0.345200,0.857526656194
0.345400,0.899405251566
0.345600,0.934328942457
0.345800,0.962027671586
0.346000,0.982287250729
0.346200,0.994951016981
0.346400,0.999921044204
0.346600,0.997158900261
0.346800,0.986685944208
0.347000,0.968583161129
0.347200,0.942990535893
0.347400,0.910105970685
0.347600,0.870183754670
0.347800,0.823532597628
0.348000,0.770513242776
0.348200,0.711535677209
0.348400,0.647055961569
0.348600,0.577572703422
0.348800,0.503623201636
0.349000,0.425779291565
0.349200,0.344642923175
0.349400,0.260841506290
0.349600,0.175023058975
0.349800,0.087851196551
0.350000,0.000000000000
0.350200,-0.087851196551
0.350400,-0.175023058975
0.350600,-0.260841506290
0.350800,-0.344642923175
0.351000,-0.425779291565
0.351200,-0.503623201636
0.351400,-0.577572703422
0.351600,-0.647055961569
0.351800,-0.711535677209
0.352000,-0.770513242776
0.352200,-0.823532597628
0.352400,-0.870183754670
0.352600,-0.910105970685
0.352800,-0.942990535893
0.353000,-0.968583161129
0.353200,-0.986685944208
0.353400,-0.997158900261
0.353600,-0.999921044204
0.353800,-0.994951016981
0.354000,-0.982287250729
0.354200,-0.962027671586
0.354400,-0.934328942457
0.354600,-0.899405251566
0.354800,-0.857526656194
0.355000,-0.809016994375
0.355200,-0.754251380736
0.355400,-0.693653305813
0.355600,-0.627691361291
0.355800,-0.556875616488
0.356000,-0.481753674102
0.356200,-0.402906435714
0.356400,-0.320943609807
0.356600,-0.236498997024
0.356800,-0.150225589121
0.357000,-0.062790519529
0.357200,0.025130095443
0.357400,0.112856384873
0.357600,0.199709980514
0.357800,0.285019262470
0.358000,0.368124552685
0.358200,0.448383216090
0.358400,0.525174629961
0.358600,0.597904983058
0.358800,0.666011867434
0.359000,0.728968627421
0.359200,0.786288432137
0.359400,0.837528040042
0.359600,0.882291226435
0.359800,0.920231847366
0.360000,0.951056516295
0.360200,0.974526872787
0.360400,0.990461425697
0.360600,0.998736956606
0.360800,0.999289472641
0.361000,0.992114701314
0.361200,0.977268123568
0.361400,0.954864544747
0.361600,0.925077206834
0.361800,0.888136448814
0.362000,0.844327925502
0.362200,0.793990398648
0.362400,0.737513117358
0.362600,0.675332808121
0.362800,0.607930297695
0.363000,0.535826794979
0.363200,0.459579860621
0.363400,0.379779095522
0.363600,0.297041581577
0.363800,0.212007109922
0.364000,0.125333233564
0.364200,0.037690182670
0.364400,-0.050244318180
0.364600,-0.137790290685
0.364800,-0.224270760949
0.365000,-0.309016994375
0.365200,-0.391373666837
0.365400,-0.470703932165
0.365600,-0.546394346734
0.365800,-0.617859613090
0.366000,-0.684547105929
0.366200,-0.745941145424
0.366400,-0.801566984871
0.366600,-0.850994481795
0.366800,-0.893841424151
0.367000,-0.929776485888
0.367200,-0.958521789017
0.367400,-0.979855052384
0.367600,-0.993611310520
0.367800,-0.999684189283
0.368000,-0.998026728428
0.368200,-0.988651744738
0.368400,-0.971631732915
0.368600,-0.947098304995
0.368800,-0.915241172621
0.369000,-0.876306680044
0.369200,-0.830595899196
0.369400,-0.778462301567
0.369600,-0.720309024888
0.369800,-0.656585755753
0.370000,-0.587785252292
0.370200,-0.514439533782
0.370400,-0.437115766651
0.370600,-0.356411878713
0.370800,-0.272951935517
0.371000,-0.187381314586
0.371200,-0.100361714851
0.371400,-0.012566039883
0.371600,0.075326805528
0.371800,0.162637165195
0.372000,0.248689887165
0.372200,0.332819544523
0.372400,0.414375580993
0.372600,0.492727341548
0.372800,0.567268949127
0.373000,0.637423989749
0.373200,0.702649969799
0.373400,0.762442511011
0.373600,0.816339250717
0.373800,0.863923417193
0.374000,0.904827052466
0.374200,0.938733857654
0.374400,0.965381638833
0.374600,0.984564334529
0.374800,0.996133609143
0.375000,1.000000000000
0.375200,0.996133609143
0.375400,0.984564334529
0.375600,0.965381638833
0.375800,0.938733857654
0.376000,0.904827052466
0.376200,0.863923417193
0.376400,0.816339250717
0.376600,0.762442511011
0.376800,0.702649969799
0.377000,0.637423989749
0.377200,0.567268949127
0.377400,0.492727341548
0.377600,0.414375580993
0.377800,0.332819544523
0.378000,0.248689887165
0.378200,0.162637165195
0.378400,0.075326805528
0.378600,-0.012566039883
0.378800,-0.100361714851
0.379000,-0.187381314586
0.379200,-0.272951935517
0.379400,-0.356411878713
0.379600,-0.437115766651
0.379800,-0.514439533781
0.380000,-0.587785252292
0.380200,-0.656585755753
0.380400,-0.720309024888
0.380600,-0.778462301567
0.380800,-0.830595899196
0.381000,-0.876306680044
0.381200,-0.915241172621
0.381400,-0.947098304995
0.381600,-0.971631732915
0.381800,-0.988651744738
0.382000,-0.998026728428
0.382200,-0.999684189283
0.382400,-0.993611310520
0.382600,-0.979855052384
0.382800,-0.958521789017
0.383000,-0.929776485888
0.383200,-0.893841424151
0.383400,-0.850994481795
0.383600,-0.801566984871
0.383800,-0.745941145424
0.384000,-0.684547105929
0.384200,-0.617859613090
0.384400,-0.546394346734
0.384600,-0.470703932165
0.384800,-0.391373666837
0.385000,-0.309016994375
0.385200,-0.224270760949
0.385400,-0.137790290685
0.385600,-0.050244318180
0.385800,0.037690182670
0.386000,0.125333233564
0.386200,0.212007109922
0.386400,0.297041581577
0.386600,0.379779095522
0.386800,0.459579860621
0.387000,0.535826794979
0.387200,0.607930297695
0.387400,0.675332808121
0.387600,0.737513117358
0.387800,0.793990398648
0.388000,0.844327925502
0.388200,0.888136448814
0.388400,0.925077206834
0.388600,0.954864544747
0.388800,0.977268123568
0.389000,0.992114701314
0.389200,0.999289472641
0.389400,0.998736956606
0.389600,0.990461425697
0.389800,0.974526872787
0.390000,0.951056516295
0.390200,0.920231847366
0.390400,0.882291226435
0.390600,0.837528040042
0.390800,0.786288432137
0.391000,0.728968627421
0.391200,0.666011867434
0.391400,0.597904983058
0.391600,0.525174629961
0.391800,0.448383216090
0.392000,0.368124552685
0.392200,0.285019262470
0.392400,0.199709980514
0.392600,0.112856384874
0.392800,0.025130095443
0.393000,-0.062790519529
0.393200,-0.150225589121
0.393400,-0.236498997024
0.393600,-0.320943609807
0.393800,-0.402906435714
0.394000,-0.481753674102
0.394200,-0.556875616488
0.394400,-0.627691361291
0.394600,-0.693653305813
0.394800,-0.754251380736
0.395000,-0.809016994375
0.395200,-0.857526656194
0.395400,-0.899405251566
0.395600,-0.934328942457
0.395800,-0.962027671586
0.396000,-0.982287250729
0.396200,-0.994951016981
0.396400,-0.999921044204
0.396600,-0.997158900261
0.396800,-0.986685944208
0.397000,-0.968583161129
0.397200,-0.942990535893
0.397400,-0.910105970685
0.397600,-0.870183754670
0.397800,-0.823532597628
0.398000,-0.770513242776
0.398200,-0.711535677209
0.398400,-0.647055961569
0.398600,-0.577572703422
0.398800,-0.503623201636
0.399000,-0.425779291565
0.399200,-0.344642923175
0.399400,-0.260841506290
0.399600,-0.175023058975
0.399800,-0.087851196551
0.400000,-0.000000000000
0.400200,0.087851196551
0.400400,0.175023058975
0.400600,0.260841506290
0.400800,0.344642923175
0.401000,0.425779291565
0.401200,0.503623201636
0.401400,0.577572703422
0.401600,0.647055961569
0.401800,0.711535677209
0.402000,0.770513242776
0.402200,0.823532597628
0.402400,0.870183754670
0.402600,0.910105970685
0.402800,0.942990535893
0.403000,0.968583161129
0.403200,0.986685944208
0.403400,0.997158900261
0.403600,0.999921044204
0.403800,0.994951016981
0.404000,0.982287250729
0.404200,0.962027671586
0.404400,0.934328942457
0.404600,0.899405251566
0.404800,0.857526656194
0.405000,0.809016994375
0.405200,0.754251380736
0.405400,0.693653305813
0.405600,0.627691361291
0.405800,0.556875616488
0.406000,0.481753674102
0.406200,0.402906435714
0.406400,0.320943609807
0.406600,0.236498997024
0.406800,0.150225589121
0.407000,0.062790519529
0.407200,-0.025130095443
0.407400,-0.112856384873
0.407600,-0.199709980514
0.407800,-0.285019262470
0.408000,-0.368124552685
0.408200,-0.448383216090
0.408400,-0.525174629961
0.408600,-0.597904983058
0.408800,-0.666011867434
0.409000,-0.728968627421
0.409200,-0.786288432137
0.409400,-0.837528040042
0.409600,-0.882291226435
0.409800,-0.920231847366
0.410000,-0.951056516295
0.410200,-0.974526872787
0.410400,-0.990461425697
0.410600,-0.998736956606
0.410800,-0.999289472641
0.411000,-0.992114701314
0.411200,-0.977268123568
0.411400,-0.954864544747
0.411600,-0.925077206834
0.411800,-0.888136448814
0.412000,-0.844327925502
0.412200,-0.793990398648
0.412400,-0.737513117358
0.412600,-0.675332808121
0.412800,-0.607930297695
0.413000,-0.535826794979
0.413200,-0.459579860621
0.413400,-0.379779095522
0.413600,-0.297041581577
0.413800,-0.212007109922
0.414000,-0.125333233564
0.414200,-0.037690182670
0.414400,0.050244318180
0.414600,0.137790290685
0.414800,0.224270760949
0.415000,0.309016994375
0.415200,0.391373666837
0.415400,0.470703932165
0.415600,0.546394346734
0.415800,0.617859613090
0.416000,0.684547105929
0.416200,0.745941145424
0.416400,0.801566984871
0.416600,0.850994481795
0.416800,0.893841424151
0.417000,0.929776485888
0.417200,0.958521789017
0.417400,0.979855052384
0.417600,0.993611310520
0.417800,0.999684189283
0.418000,0.998026728428
0.418200,0.988651744738
0.418400,0.971631732915
0.418600,0.947098304995
0.418800,0.915241172621
0.419000,0.876306680044
0.419200,0.830595899196
0.419400,0.778462301567
0.419600,0.720309024888
0.419800,0.656585755753
0.420000,0.587785252292
0.420200,0.514439533782
0.420400,0.437115766651
0.420600,0.356411878713
0.420800,0.272951935517
0.421000,0.187381314586
0.421200,0.100361714851
0.421400,0.012566039883
0.421600,-0.075326805528
0.421800,-0.162637165195
0.422000,-0.248689887165
0.422200,-0.332819544523
0.422400,-0.414375580993
0.422600,-0.492727341548
0.422800,-0.567268949127
0.423000,-0.637423989749
0.423200,-0.702649969799
0.423400,-0.762442511011
0.423600,-0.816339250717
0.423800,-0.863923417193
0.424000,-0.904827052466
0.424200,-0.938733857654
0.424400,-0.965381638833
0.424600,-0.984564334529
0.424800,-0.996133609143
0.425000,-1.000000000000
0.425200,-0.996133609143
0.425400,-0.984564334529
0.425600,-0.965381638833
0.425800,-0.938733857654
0.426000,-0.904827052466
0.426200,-0.863923417193
0.426400,-0.816339250717
0.426600,-0.762442511011
0.426800,-0.702649969799
0.427000,-0.637423989749
0.427200,-0.567268949127
0.427400,-0.492727341548
0.427600,-0.414375580993
0.427800,-0.332819544523
0.428000,-0.248689887165
0.428200,-0.162637165195
0.428400,-0.075326805528
0.428600,0.012566039883
0.428800,0.100361714851
0.429000,0.187381314586
0.429200,0.272951935517
0.429400,0.356411878713
0.429600,0.437115766651
0.429800,0.514439533782
0.430000,0.587785252292
0.430200,0.656585755753
0.430400,0.720309024888
0.430600,0.778462301567
0.430800,0.830595899196
0.431000,0.876306680044
0.431200,0.915241172621
0.431400,0.947098304995
0.431600,0.971631732915
0.431800,0.988651744738
0.432000,0.998026728428
0.432200,0.999684189283
0.432400,0.993611310520
0.432600,0.979855052384
0.432800,0.958521789017
0.433000,0.929776485888
0.433200,0.893841424151
0.433400,0.850994481795
0.433600,0.801566984871
0.433800,0.745941145424
0.434000,0.684547105929
0.434200,0.617859613090
0.434400,0.546394346734
0.434600,0.470703932165
0.434800,0.391373666837
0.435000,0.309016994375
0.435200,0.224270760949
0.435400,0.137790290685
0.435600,0.050244318180
0.435800,-0.037690182670
0.436000,-0.125333233564
0.436200,-0.212007109922
0.436400,-0.297041581577
0.436600,-0.379779095522
0.436800,-0.459579860621
0.437000,-0.535826794979
0.437200,-0.607930297695
0.437400,-0.675332808121
0.437600,-0.737513117358
0.437800,-0.793990398648
0.438000,-0.844327925502
0.438200,-0.888136448814
0.438400,-0.925077206834
0.438600,-0.954864544747
0.438800,-0.977268123568
0.439000,-0.992114701314
0.439200,-0.999289472641
0.439400,-0.998736956606
0.439600,-0.990461425697
0.439800,-0.974526872787
0.440000,-0.951056516295
0.440200,-0.920231847366
0.440400,-0.882291226435
0.440600,-0.837528040042
0.440800,-0.786288432137
0.441000,-0.728968627421
0.441200,-0.666011867434
0.441400,-0.597904983058
0.441600,-0.525174629961
0.441800,-0.448383216090
0.442000,-0.368124552685
0.442200,-0.285019262470
0.442400,-0.199709980514
0.442600,-0.112856384873
0.442800,-0.025130095443
0.443000,0.062790519529
0.443200,0.150225589121
0.443400,0.236498997024
0.443600,0.320943609807
0.443800,0.402906435714
0.444000,0.481753674102
0.444200,0.556875616488
0.444400,0.627691361291
0.444600,0.693653305813
0.444800,0.754251380736
0.445000,0.809016994375
0.445200,0.857526656194
0.445400,0.899405251566
0.445600,0.934328942457
0.445800,0.962027671586
0.446000,0.982287250729
0.446200,0.994951016981
0.446400,0.999921044204
0.446600,0.997158900261
0.446800,0.986685944208
0.447000,0.968583161129
0.447200,0.942990535893
0.447400,0.910105970685
0.447600,0.870183754670
0.447800,0.823532597628
0.448000,0.770513242776
0.448200,0.711535677209
0.448400,0.647055961569
0.448600,0.577572703422
0.448800,0.503623201636
0.449000,0.425779291565
0.449200,0.344642923175
0.449400,0.260841506290
0.449600,0.175023058975
0.449800,0.087851196551
0.450000,0.000000000000
0.450200,-0.087851196551
0.450400,-0.175023058975
0.450600,-0.260841506290
0.450800,-0.344642923174
0.451000,-0.425779291565
0.451200,-0.503623201636
0.451400,-0.577572703422
0.451600,-0.647055961569
0.451800,-0.711535677209
0.452000,-0.770513242776
0.452200,-0.823532597628
0.452400,-0.870183754670
0.452600,-0.910105970685
0.452800,-0.942990535893
0.453000,-0.968583161129
0.453200,-0.986685944208
0.453400,-0.997158900261
0.453600,-0.999921044204
0.453800,-0.994951016981
0.454000,-0.982287250729
0.454200,-0.962027671586
0.454400,-0.934328942457
0.454600,-0.899405251566
0.454800,-0.857526656194
0.455000,-0.809016994375
0.455200,-0.754251380736
0.455400,-0.693653305813
0.455600,-0.627691361291
0.455800,-0.556875616488
0.456000,-0.481753674102
0.456200,-0.402906435714
0.456400,-0.320943609807
0.456600,-0.236498997024
0.456800,-0.150225589121
0.457000,-0.062790519529
0.457200,0.025130095443
0.457400,0.112856384873
0.457600,0.199709980514
0.457800,0.285019262470
0.458000,0.368124552685
0.458200,0.448383216090
0.458400,0.525174629961
0.458600,0.597904983057
0.458800,0.666011867434
0.459000,0.728968627421
0.459200,0.786288432137
0.459400,0.837528040042
0.459600,0.882291226435
0.459800,0.920231847366
0.460000,0.951056516295
0.460200,0.974526872787
0.460400,0.990461425697
0.460600,0.998736956606
0.460800,0.999289472641
0.461000,0.992114701314
0.461200,0.977268123568
0.461400,0.954864544747
0.461600,0.925077206834
0.461800,0.888136448814
0.462000,0.844327925502
0.462200,0.793990398648
0.462400,0.737513117358
0.462600,0.675332808121
0.462800,0.607930297695
0.463000,0.535826794979
0.463200,0.459579860622
0.463400,0.379779095522
0.463600,0.297041581577
0.463800,0.212007109922
0.464000,0.125333233564
0.464200,0.037690182670
0.464400,-0.050244318180
0.464600,-0.137790290685
0.464800,-0.224270760949
0.465000,-0.309016994375
0.465200,-0.391373666837
0.465400,-0.470703932165
0.465600,-0.546394346734
0.465800,-0.617859613090
0.466000,-0.684547105929
0.466200,-0.745941145424
0.466400,-0.801566984871
0.466600,-0.850994481795
0.466800,-0.893841424151
0.467000,-0.929776485888
0.467200,-0.958521789017
0.467400,-0.979855052384
0.467600,-0.993611310520
0.467800,-0.999684189283
0.468000,-0.998026728428
0.468200,-0.988651744738
0.468400,-0.971631732915
0.468600,-0.947098304995
0.468800,-0.915241172621
0.469000,-0.876306680044
0.469200,-0.830595899196
0.469400,-0.778462301567
0.469600,-0.720309024888
0.469800,-0.656585755753
0.470000,-0.587785252292
0.470200,-0.514439533782
0.470400,-0.437115766651
0.470600,-0.356411878713
0.470800,-0.272951935517
0.471000,-0.187381314586
0.471200,-0.100361714851
0.471400,-0.012566039883
0.471600,0.075326805528
0.471800,0.162637165195
0.472000,0.248689887165
0.472200,0.332819544523
0.472400,0.414375580993
0.472600,0.492727341548
0.472800,0.567268949127
0.473000,0.637423989749
0.473200,0.702649969799
0.473400,0.762442511011
0.473600,0.816339250717
0.473800,0.863923417193
0.474000,0.904827052466
0.474200,0.938733857654
0.474400,0.965381638833
0.474600,0.984564334529
0.474800,0.996133609143
0.475000,1.000000000000
0.475200,0.996133609143
0.475400,0.984564334529
0.475600,0.965381638833
0.475800,0.938733857654
0.476000,0.904827052466
0.476200,0.863923417193
0.476400,0.816339250717
0.476600,0.762442511011
0.476800,0.702649969799
0.477000,0.637423989749
0.477200,0.567268949127
0.477400,0.492727341548
0.477600,0.414375580993
0.477800,0.332819544523
0.478000,0.248689887165
0.478200,0.162637165195
0.478400,0.075326805528
0.478600,-0.012566039883
0.478800,-0.100361714851
0.479000,-0.187381314586
0.479200,-0.272951935517
0.479400,-0.356411878713
0.479600,-0.437115766651
0.479800,-0.514439533781
0.480000,-0.587785252292
0.480200,-0.656585755753
0.480400,-0.720309024888
0.480600,-0.778462301567
0.480800,-0.830595899196
0.481000,-0.876306680044
0.481200,-0.915241172621
0.481400,-0.947098304995
0.481600,-0.971631732915
0.481800,-0.988651744738
0.482000,-0.998026728428
0.482200,-0.999684189283
0.482400,-0.993611310520
0.482600,-0.979855052384
0.482800,-0.958521789017
0.483000,-0.929776485888
0.483200,-0.893841424151
0.483400,-0.850994481795
0.483600,-0.801566984871
0.483800,-0.745941145424
0.484000,-0.684547105929
0.484200,-0.617859613090
0.484400,-0.546394346734
0.484600,-0.470703932165
0.484800,-0.391373666837
0.485000,-0.309016994375
0.485200,-0.224270760949
0.485400,-0.137790290685
0.485600,-0.050244318180
0.485800,0.037690182670
0.486000,0.125333233564
0.486200,0.212007109922
0.486400,0.297041581577
0.486600,0.379779095522
0.486800,0.459579860621
0.487000,0.535826794979
0.487200,0.607930297695
0.487400,0.675332808121
0.487600,0.737513117358
0.487800,0.793990398648
0.488000,0.844327925502
0.488200,0.888136448814
0.488400,0.925077206834
0.488600,0.954864544747
0.488800,0.977268123568
0.489000,0.992114701314
0.489200,0.999289472641
0.489400,0.998736956606
0.489600,0.990461425697
0.489800,0.974526872787
0.490000,0.951056516295
0.490200,0.920231847366
0.490400,0.882291226435
0.490600,0.837528040042
0.490800,0.786288432137
0.491000,0.728968627421
0.491200,0.666011867434
0.491400,0.597904983058
0.491600,0.525174629961
0.491800,0.448383216090
0.492000,0.368124552685
0.492200,0.285019262470
0.492400,0.199709980514
0.492600,0.112856384874
0.492800,0.025130095443
0.493000,-0.062790519529
0.493200,-0.150225589121
0.493400,-0.236498997024
0.493600,-0.320943609807
0.493800,-0.402906435714
0.494000,-0.481753674102
0.494200,-0.556875616488
0.494400,-0.627691361291
0.494600,-0.693653305813
0.494800,-0.754251380736
0.495000,-0.809016994375
0.495200,-0.857526656194
0.495400,-0.899405251566
0.495600,-0.934328942457
0.495800,-0.962027671586
0.496000,-0.982287250729
0.496200,-0.994951016981
0.496400,-0.999921044204
0.496600,-0.997158900261
0.496800,-0.986685944208
0.497000,-0.968583161129
0.497200,-0.942990535893
0.497400,-0.910105970685
0.497600,-0.870183754670
0.497800,-0.823532597628
0.498000,-0.770513242776
0.498200,-0.711535677209
0.498400,-0.647055961569
0.498600,-0.577572703422
0.498800,-0.503623201636
0.499000,-0.425779291565
0.499200,-0.344642923175
0.499400,-0.260841506290
0.499600,-0.175023058975
0.499800,-0.087851196551
0.500000,-0.000000000000
